<?xml version="1.0" encoding="UTF-8"?>
<project-private xmlns="http://www.netbeans.org/ns/project-private/1">
    <editor-bookmarks xmlns="http://www.netbeans.org/ns/editor-bookmarks/2" lastBookmarkId="0"/>
    <open-files xmlns="http://www.netbeans.org/ns/projectui-open-files/2">
        <group>
            <file>file:/C:/Users/leoli/OneDrive/Documents/GitHub/portfolio-DanTheeMan/DataStructures/src/COMP258Assignment1/FrameworkProgram.java</file>
            <file>file:/C:/Users/leoli/OneDrive/Documents/GitHub/portfolio-DanTheeMan/DataStructures/src/LinkedLists/LinkedListDriver.java</file>
            <file>file:/C:/Users/leoli/OneDrive/Documents/GitHub/portfolio-DanTheeMan/DataStructures/src/exceptions/OutOfBoundsException.java</file>
            <file>file:/C:/Users/leoli/OneDrive/Documents/GitHub/portfolio-DanTheeMan/DataStructures/src/exceptions/NoItemsException.java</file>
            <file>file:/C:/Users/leoli/OneDrive/Documents/GitHub/portfolio-DanTheeMan/DataStructures/src/COMP258Assignment1/DoublyLinkedList.java</file>
            <file>file:/C:/Users/leoli/OneDrive/Documents/GitHub/portfolio-DanTheeMan/DataStructures/src/COMP258Assignment1/ListNode2Way.java</file>
            <file>file:/C:/Users/leoli/OneDrive/Documents/GitHub/portfolio-DanTheeMan/DataStructures/src/exceptions/InvalidArgumentException.java</file>
            <file>file:/C:/Users/leoli/OneDrive/Documents/GitHub/portfolio-DanTheeMan/DataStructures/src/ArrayManager/ArrayManagerProgram.java</file>
            <file>file:/C:/Users/leoli/OneDrive/Documents/GitHub/portfolio-DanTheeMan/DataStructures/src/ArrayManager/ArrayManager.java</file>
            <file>file:/C:/Users/leoli/OneDrive/Documents/GitHub/portfolio-DanTheeMan/DataStructures/src/LinkedLists/ListNode.java</file>
            <file>file:/C:/Users/leoli/OneDrive/Documents/GitHub/portfolio-DanTheeMan/DataStructures/src/ArrayManager/ArrayManagerDriver.java</file>
            <file>file:/C:/Users/leoli/OneDrive/Documents/GitHub/portfolio-DanTheeMan/DataStructures/src/COMP258Assignment1/ArrayManager1.java</file>
            <file>file:/C:/Users/leoli/OneDrive/Documents/GitHub/portfolio-DanTheeMan/DataStructures/src/COMP258Assignment1/ArrayManagerDriver.java</file>
            <file>file:/C:/Users/leoli/OneDrive/Documents/GitHub/portfolio-DanTheeMan/DataStructures/src/LinkedLists/ListNodeDriver.java</file>
            <file>file:/C:/Users/leoli/OneDrive/Documents/GitHub/portfolio-DanTheeMan/DataStructures/src/LinkedLists/LinkedList.java</file>
        </group>
    </open-files>
</project-private>
